{
    "total_gain_loss": 13739.901428222656,
    "percent_return": 13.739901428222655,
    "initial_balance": 100000,
    "final_balance": 866.10107421875,
    "final_shares": 290
}